{
	"player":
	[
		{
			"name" : "选手1",
			"decription" : "阿狸，国内当红原创动漫形象，2006年由Hans创作，从网络与杂志连载开始，发行童话绘本和动画短片。迄今为止，阿狸的出版物突破250万销量，在线上拥有千万注册粉丝。一方面，其至萌至真的形象制作成多元的虚拟产品，成为互联网主要的内容供应商；另一方面，阿狸丰富的周边产品层出不穷，并与多个品牌成功跨界，成为本土动漫形象产品化的先锋。"
		},
		{
			"name" : "选手2",
			"decription" : "哈哈哈啊哈啊啊哈哈哈哈哈哈哈哈哈哈哈哈哈哈哈哈哈哈哈哈哈哈哈哈哈哈哈哈哈哈哈哈哈哈哈哈哈哈哈哈哈"
		},
		{
			"name" : "选手3",
			"decription" : "选手3真的漂亮"
		},
		{
			"name" : "选手4",
			"decription" : "选手4好靓仔"
		},
		{
			"name" : "选手5",
			"decription" : "选手5真的漂亮"
		},
		{
			"name" : "选手6",
			"decription" : "选手6好靓仔"
		},
		{
			"name" : "选手7",
			"decription" : "选手7真的漂亮"
		},
		{
			"name" : "选手8",
			"decription" : "选手8好靓仔"
		}
	]
}